"useless","transactionid","commitdate","ns","nm","nf","entropy","la","ld","lt","fix","ndev","pd","npt","exp","rexp","sexp","bug"
"1",1,"2010-07-26 09:52:17",8,1,1,0,0.265625,0,256,0,8,1,0,8,1,0,1
"2",2,"2016-11-22 10:57:20",4,1,1,0,0.0135135135135135,0,74,1,4,1,0,4,1,0,0
"3",3,"2011-11-03 16:23:29",14,1,4,1.36773624010892,0.0451376146788991,0.00440366972477064,2725,0,14,1,0.34193406002723,14,1,1.36773624010892,0
"4",4,"2006-10-04 06:13:12",8,1,1,0,0.0393939393939394,0.0333333333333333,330,0,8,1,0,8,1,0,0
"5",5,"2006-11-14 21:40:14",5,1,4,0.768852857787243,0.991071428571429,0.0535714285714286,224,0,5,1,0.192213214446811,5,1,0.768852857787243,0
"6",6,"2015-06-26 14:54:11",24,3,3,0.587285637167863,0.0385530699666825,0.00237981913374584,2101,0,24,3,0.195761879055954,24,3,0.587285637167863,0
"7",7,"2013-11-06 12:08:22",1,1,1,0,0.0302013422818792,0.0302013422818792,298,0,1,1,0,1,1,0,0
"8",8,"2014-10-17 14:58:56",16,1,2,0.345117314944953,0.0255123379339189,0.000418235048097031,2391,0,16,1,0.172558657472477,16,1,0.345117314944953,0
"9",9,"2018-06-13 11:48:43",33,4,8,1.49663452278509,0.104718981972428,0.00583244962884411,3772,0,33,4,0.187079315348136,33,4,1.49663452278509,0
"10",10,"2016-09-07 17:27:31",11,1,3,1.22013803281039,0.0930434782608696,0,1150,0,11,1,0.406712677603464,11,1,1.22013803281039,0
"11",11,"2012-07-24 10:49:47",8,1,1,0,0.00214515552377547,0.000357525920629246,2797,1,8,1,0,8,1,0,0
"12",12,"2017-10-27 11:37:04",9,1,1,0,0.00666666666666667,0.00666666666666667,300,0,9,1,0,9,1,0,0
"13",13,"2013-04-04 20:30:00",18,2,4,1.3614207354727,0.228105906313646,0.0122199592668024,982,1,18,2,0.340355183868174,18,2,1.3614207354727,0
"14",14,"2013-08-07 13:38:53",9,1,1,0,0.00262295081967213,0,3050,0,9,1,0,9,1,0,0
"15",15,"2011-06-28 14:56:41",10,1,1,0,0.0740740740740741,0.037037037037037,81,0,10,1,0,10,1,0,0
"16",16,"2010-06-25 10:28:17",17,1,34,4.0055617863803,0.0603791469194313,0.0258767772511848,10550,0,17,1,0.117810640775891,17,1,4.0055617863803,1
"17",17,"2008-02-27 10:21:27",13,1,4,1.75993052956409,0.0126382306477093,0.00552922590837283,1266,0,13,1,0.439982632391023,13,1,1.75993052956409,0
"18",18,"2007-09-20 14:13:23",73,14,16,4,0,0,0,0,73,14,0.25,73,14,4,0
"19",19,"2011-03-07 13:02:58",21,1,4,1.61357313888977,0.416352201257862,0.00125786163522013,795,0,21,1,0.403393284722442,21,1,1.61357313888977,1
"20",20,"2014-08-13 11:15:29",8,1,1,0,0,0.00241691842900302,1655,0,8,1,0,8,1,0,0
"21",21,"2006-07-23 10:05:29",8,1,3,1.31096151540296,0.975409836065574,0,122,1,8,1,0.436987171800986,8,1,1.31096151540296,0
"22",22,"2009-07-03 14:34:46",9,1,1,0,0.984375,0,64,0,9,1,0,9,1,0,1
"23",23,"2012-08-28 10:17:58",8,1,2,0.70246655129039,0.0275590551181102,0,762,0,8,1,0.351233275645195,8,1,0.70246655129039,0
"24",24,"2012-01-23 13:29:34",9,1,1,0,0.997722095671982,0,439,0,9,1,0,9,1,0,0
"25",25,"2008-04-11 14:03:57",8,1,1,0,1,0,43,0,8,1,0,8,1,0,0
"26",26,"2013-11-22 11:25:08",15,1,2,1,0.985074626865672,0.985074626865672,67,1,15,1,0.5,15,1,1,0
"27",27,"2006-04-12 15:52:06",7,1,1,0,0.00129198966408269,0.00387596899224806,774,0,7,1,0,7,1,0,0
"28",28,"2006-02-24 15:08:40",8,1,1,0,0.139344262295082,0.00819672131147541,122,0,8,1,0,8,1,0,0
"29",29,"2015-09-21 17:13:36",8,1,1,0,0,0,0,0,8,1,0,8,1,0,0
"30",30,"2010-11-25 10:05:57",3,1,1,0,0.0816326530612245,0.0102040816326531,98,0,3,1,0,3,1,0,0
"31",31,"2009-10-23 15:51:45",9,1,2,0.896038232534557,0.0326876513317191,0.00605326876513317,826,0,9,1,0.448019116267279,9,1,0.896038232534557,0
"32",32,"2015-03-04 18:40:31",9,1,1,0,0.361702127659574,0.170212765957447,141,0,9,1,0,9,1,0,0
"33",33,"2007-10-19 12:32:51",0,0,1,0,0.000901713255184851,0.000901713255184851,1109,0,0,0,0,0,0,0,0
"34",34,"2017-05-29 11:21:00",9,1,1,0,0.00390625,0.00390625,256,0,9,1,0,9,1,0,0
"35",35,"2008-11-20 15:43:28",0,0,1,0,0.217877094972067,0.00558659217877095,179,0,0,0,0,0,0,0,0
"36",36,"2011-11-28 14:37:15",8,1,1,0,0.986666666666667,0,75,0,8,1,0,8,1,0,0
"37",37,"2008-04-01 19:35:48",28,3,9,1.82594168233111,0.0634037819799778,0.0305895439377086,1798,1,28,3,0.202882409147901,28,3,1.82594168233111,0
"38",38,"2007-06-22 17:12:26",8,1,1,0,0.160714285714286,0,112,0,8,1,0,8,1,0,0
"39",39,"2007-12-20 16:23:16",24,21,25,4.62351664121801,0.00539979231568017,0.00539979231568017,4815,0,24,21,0.184940665648721,24,21,4.62351664121801,1
"40",40,"2016-02-26 20:58:39",0,0,0,0,0,0,0,0,0,0,NA,0,0,0,0
"41",41,"2018-05-18 14:44:05",18,2,2,0.200622324312715,0.0333333333333333,0.0111111111111111,1440,1,18,2,0.100311162156357,18,2,0.200622324312715,0
"42",42,"2006-01-05 17:09:05",16,1,11,3.01603114663342,0.0658852061438965,0.0270816491511722,2474,0,16,1,0.274184649693947,16,1,3.01603114663342,1
"43",43,"2015-02-25 14:32:10",19,2,6,0.891657712267233,0.120224719101124,0.00224719101123596,1780,0,19,2,0.148609618711206,19,2,0.891657712267233,0
"44",44,"2012-09-21 07:36:48",8,1,2,0.88654089282209,0.0122306348281887,0.0011648223645894,1717,0,8,1,0.443270446411045,8,1,0.88654089282209,0
"45",45,"2010-08-06 13:35:45",9,1,1,0,0.000809061488673139,0,1236,1,9,1,0,9,1,0,0
"46",46,"2006-04-11 17:29:26",18,1,2,0.276195427647939,0.976190476190476,0.0238095238095238,42,0,18,1,0.13809771382397,18,1,0.276195427647939,0
"47",47,"2015-10-30 14:10:55",18,2,2,0.220566768517836,0.371916508538899,0.00379506641366224,527,1,18,2,0.110283384258918,18,2,0.220566768517836,0
"48",48,"2008-02-28 16:45:17",11,1,1,0,0,0.00452488687782805,442,0,11,1,0,11,1,0,0
"49",49,"2012-05-02 13:12:05",0,0,1,0,0.00074019245003701,0.00074019245003701,1351,1,0,0,0,0,0,0,0
"50",50,"2007-03-05 15:41:17",10,1,6,1.23370527888514,0.0572631578947368,0.0294736842105263,2375,1,10,1,0.205617546480856,10,1,1.23370527888514,0
"51",51,"2013-06-12 14:18:51",18,2,2,0.994030211476956,0.204081632653061,0.0428571428571429,980,1,18,2,0.497015105738478,18,2,0.994030211476956,0
"52",52,"2016-11-04 08:29:54",21,2,12,3.04279150648777,0.191218948584633,0.0231080300404391,1731,0,21,2,0.253565958873981,21,2,3.04279150648777,0
"53",53,"2013-08-23 22:47:09",8,1,1,0,0.00844594594594595,0.000675675675675676,2960,0,8,1,0,8,1,0,0
"54",54,"2019-07-26 11:28:14",58,5,14,2.55710485258109,0.0108488770460601,0.022459078797107,5254,0,58,5,0.182650346612935,58,5,2.55710485258109,0
"55",55,"2017-03-15 12:41:25",11,1,2,0.961236604722876,0.00490196078431373,0.00217864923747277,1836,0,11,1,0.480618302361438,11,1,0.961236604722876,0
"56",56,"2008-03-20 17:49:45",10,1,2,1,0.00161290322580645,0.00161290322580645,620,0,10,1,0.5,10,1,1,0
"57",57,"2011-08-03 13:35:35",9,1,1,0,0.00162932790224033,0.000407331975560081,2455,0,9,1,0,9,1,0,0
"58",58,"2017-03-03 11:23:23",17,2,5,1.63848964997871,0.0275152278932997,0.00987187565637471,4761,1,17,2,0.327697929995742,17,2,1.63848964997871,0
"59",59,"2006-03-01 13:06:55",9,1,1,0,0.0862068965517241,0.00313479623824451,638,0,9,1,0,9,1,0,1
"60",60,"2012-04-24 15:46:35",9,1,1,0,0.0161290322580645,0.00705645161290323,992,0,9,1,0,9,1,0,0
"61",61,"2011-07-15 11:36:27",14,1,3,1.41797344126489,0.0308008213552361,0.0328542094455852,487,0,14,1,0.472657813754962,14,1,1.41797344126489,0
"62",62,"2007-09-20 19:11:44",15,1,5,1.51006778686746,0.0227370227370227,0.012012012012012,2331,0,15,1,0.302013557373493,15,1,1.51006778686746,0
"63",63,"2006-01-03 13:56:01",4,1,1,0,0.0238095238095238,0,84,0,4,1,0,4,1,0,0
"64",64,"2013-06-05 18:29:35",17,2,3,1.25735064548368,0.110539845758355,0.115681233933162,389,0,17,2,0.419116881827895,17,2,1.25735064548368,0
"65",65,"2008-01-21 13:09:38",9,1,1,0,0.00298507462686567,0.00298507462686567,335,0,9,1,0,9,1,0,0
"66",66,"2016-07-26 13:45:41",16,2,2,0.503258334775646,0.00482160077145612,0.0038572806171649,1037,1,16,2,0.251629167387823,16,2,0.503258334775646,0
"67",67,"2015-02-11 12:42:46",15,2,3,0.783613882124629,0.207964601769911,0.0176991150442478,226,0,15,2,0.261204627374876,15,2,0.783613882124629,0
"68",68,"2009-05-05 13:28:59",14,1,2,0.208180945557171,0.306532663316583,0,199,0,14,1,0.104090472778586,14,1,0.208180945557171,0
"69",69,"2008-10-09 14:29:25",10,1,2,0.721928094887362,0.195266272189349,0.0118343195266272,169,0,10,1,0.360964047443681,10,1,0.721928094887362,0
"70",70,"2014-08-11 11:16:06",0,0,1,0,0.000612745098039216,0.000612745098039216,1632,0,0,0,0,0,0,0,0
"71",71,"2015-04-20 07:46:03",8,1,1,0,0.991150442477876,0,113,0,8,1,0,8,1,0,0
"72",72,"2013-09-05 14:41:10",4,1,2,1,0.00118483412322275,0,1688,0,4,1,0.5,4,1,1,0
"73",73,"2016-09-30 14:36:09",3,3,4,2,0.00194877505567929,0.000278396436525612,3592,1,3,3,0.5,3,3,2,0
"74",74,"2013-10-10 15:41:14",9,1,2,0.684038435639042,0.0139082058414465,0.00139082058414465,719,0,9,1,0.342019217819521,9,1,0.684038435639042,0
"75",75,"2013-07-24 04:09:15",9,1,1,0,0.00292397660818713,0.00292397660818713,342,1,9,1,0,9,1,0,1
"76",76,"2006-06-13 00:03:00",16,1,3,0.322431170241019,0.0637651821862348,0.0425101214574899,988,0,16,1,0.107477056747006,16,1,0.322431170241019,1
"77",77,"2016-06-30 18:52:35",0,0,1,0,0.000600961538461538,0.000600961538461538,1664,0,0,0,0,0,0,0,0
"78",78,"2018-04-17 08:23:59",9,1,1,0,0.00163065633917652,0.00122299225438239,2453,0,9,1,0,9,1,0,0
"79",79,"2012-10-16 20:05:01",0,0,6,0,0,0,0,0,0,0,0,0,0,0,0
"80",80,"2012-07-20 22:53:07",15,1,3,0.490044434429989,0.0585233072473631,0,2939,1,15,1,0.163348144809996,15,1,0.490044434429989,0
"81",81,"2005-12-30 22:51:06",5,1,9,0.582393126675782,0.11270600744285,0.0143540669856459,1881,0,5,1,0.0647103474084202,5,1,0.582393126675782,0
"82",82,"2017-05-16 15:35:23",0,0,1,0,0.00117994100294985,0.00117994100294985,1695,0,0,0,0,0,0,0,0
"83",83,"2014-09-23 16:17:31",1,1,1,0,0.000822368421052632,0,1216,0,1,1,0,1,1,0,0
"84",84,"2015-02-19 16:34:32",20,1,5,1.65222274886885,0.0197914449882954,0.012768674185997,4699,0,20,1,0.330444549773771,20,1,1.65222274886885,0
"85",85,"2012-11-23 14:19:24",16,1,2,0.896038232534557,0.05,0.00714285714285714,280,0,16,1,0.448019116267279,16,1,0.896038232534557,0
"86",86,"2014-09-29 14:47:54",9,1,1,0,0.00862068965517241,0.00862068965517241,232,0,9,1,0,9,1,0,0
"87",87,"2009-10-23 08:11:17",9,1,2,0.130162790668259,0.139272271016311,0,797,0,9,1,0.0650813953341297,9,1,0.130162790668259,1
"88",88,"2018-05-21 14:26:45",18,2,2,0.485460760745913,0.0135746606334842,0.000754147812971342,2652,0,18,2,0.242730380372957,18,2,0.485460760745913,0
"89",89,"2010-06-14 16:25:57",23,1,5,1.61403740338966,0.435840707964602,0.0154867256637168,452,0,23,1,0.322807480677932,23,1,1.61403740338966,1
"90",90,"2012-02-02 11:14:30",4,1,3,0.642169405086907,0.00649350649350649,0.24025974025974,308,0,4,1,0.214056468362302,4,1,0.642169405086907,1
"91",91,"2011-02-23 10:33:41",8,1,1,0,0.00229357798165138,0.00229357798165138,436,0,8,1,0,8,1,0,0
"92",92,"2006-10-25 22:05:36",0,0,1,0,0.00208550573514077,0.00208550573514077,959,0,0,0,0,0,0,0,0
"93",93,"2011-01-26 12:14:07",8,1,1,0,0.00132978723404255,0.00132978723404255,752,0,8,1,0,8,1,0,0
"94",94,"2013-05-24 14:10:23",16,2,2,0.165761028190058,0.256631708821715,0.222702035780382,1621,1,16,2,0.082880514095029,16,2,0.165761028190058,0
"95",95,"2013-11-12 10:55:41",9,1,1,0,0.0991735537190083,0.0413223140495868,121,0,9,1,0,9,1,0,0
"96",96,"2015-01-04 12:50:32",4,1,1,0,0.0796875,0.01875,640,0,4,1,0,4,1,0,0
"97",97,"2012-10-02 12:08:45",28,24,29,4.75,0.00447802966694654,0.00447802966694654,7146,0,28,24,0.163793103448276,28,24,4.75,0
"98",98,"2008-08-19 12:04:13",8,1,3,1.2987949406954,0.0176991150442478,0.0176991150442478,226,1,8,1,0.432931646898466,8,1,1.2987949406954,0
"99",99,"2018-09-24 07:34:36",9,1,1,0,0.179611650485437,0.0533980582524272,206,0,9,1,0,9,1,0,0
"100",100,"2008-09-03 13:06:33",9,1,1,0,0.00869565217391304,0.00869565217391304,115,1,9,1,0,9,1,0,0
"101",101,"2009-01-29 20:44:21",8,1,1,0,0.0555555555555556,0.00617283950617284,162,0,8,1,0,8,1,0,0
"102",102,"2017-10-15 09:41:32",1,1,2,0.94566030460064,0.00454086781029263,0.00100908173562059,1982,0,1,1,0.47283015230032,1,1,0.94566030460064,0
"103",103,"2010-02-03 06:54:28",4,1,1,0,0.0294117647058824,0,68,1,4,1,0,4,1,0,0
"104",104,"2010-01-28 20:00:48",9,1,1,0,0.0110935023771791,0.0063391442155309,631,0,9,1,0,9,1,0,0
"105",105,"2006-03-28 21:27:06",1,1,1,0,0.018957345971564,0,211,1,1,1,0,1,1,0,0
"106",106,"2014-12-22 12:44:41",9,1,1,0,0.000314366551398931,0.000314366551398931,3181,1,9,1,0,9,1,0,0
"107",107,"2015-02-23 19:53:14",7,1,4,1.70106259075157,0.181102362204724,0.170603674540682,762,0,7,1,0.425265647687892,7,1,1.70106259075157,0
"108",108,"2006-06-05 16:09:43",1,1,1,0,0.00641025641025641,0,312,0,1,1,0,1,1,0,0
"109",109,"2012-11-09 20:08:25",9,1,1,0,0.00122549019607843,0.00735294117647059,816,0,9,1,0,9,1,0,0
"110",110,"2013-12-04 12:08:28",9,1,2,0.345117314944953,0.0655430711610487,0.050561797752809,534,1,9,1,0.172558657472477,9,1,0.345117314944953,0
"111",111,"2011-09-28 19:10:40",9,1,1,0,0.00675675675675676,0.00675675675675676,296,1,9,1,0,9,1,0,0
"112",112,"2010-02-03 10:23:34",9,1,2,0.985228136034252,0.0289389067524116,0.0160771704180064,311,0,9,1,0.492614068017126,9,1,0.985228136034252,0
"113",113,"2006-07-13 16:08:42",5,1,2,0,0,0,1,0,5,1,0,5,1,0,0
"114",114,"2008-03-21 03:29:33",8,1,1,0,0.0170876671619614,0.0178306092124814,1346,0,8,1,0,8,1,0,0
"115",115,"2013-01-09 18:26:27",9,1,1,0,0.189189189189189,0.189189189189189,111,0,9,1,0,9,1,0,0
"116",116,"2013-11-15 15:51:15",9,1,1,0,0.014336917562724,0.010752688172043,279,0,9,1,0,9,1,0,0
"117",117,"2017-01-16 11:11:45",8,1,1,0,0.0202702702702703,0.0135135135135135,148,0,8,1,0,8,1,0,0
"118",118,"2012-08-20 17:50:10",18,1,2,0.213026057292825,0.130616509926855,0.0240334378265413,957,1,18,1,0.106513028646412,18,1,0.213026057292825,0
"119",119,"2007-03-14 14:45:12",4,1,2,0.91829583405449,0.00790861159929701,0.00263620386643234,1138,0,4,1,0.459147917027245,4,1,0.91829583405449,0
"120",120,"2013-10-14 16:55:42",9,1,1,0,0.00892857142857143,0,112,0,9,1,0,9,1,0,0
"121",121,"2013-10-10 16:33:37",3,1,3,1.58496250072116,0.00952380952380952,0.00952380952380952,315,0,3,1,0.528320833573719,3,1,1.58496250072116,0
"122",122,"2008-04-18 15:45:29",10,1,2,0.970950594454669,0.0243111831442464,0.0243111831442464,617,0,10,1,0.485475297227334,10,1,0.970950594454669,0
"123",123,"2010-07-13 11:08:35",9,1,1,0,0.0384615384615385,0,78,0,9,1,0,9,1,0,0
"124",124,"2006-01-06 19:18:02",4,1,1,0,0.0901639344262295,0.0573770491803279,244,0,4,1,0,4,1,0,0
"125",125,"2011-07-25 11:08:52",31,1,12,2.80116308461109,0.0961489415965315,0.0298393267023718,3921,0,31,1,0.233430257050924,31,1,2.80116308461109,1
"126",126,"2016-06-23 11:03:06",9,1,2,1,0.207605344295992,0.166495375128469,973,0,9,1,0.5,9,1,1,0
"127",127,"2010-09-18 02:24:21",26,23,27,4.57969177895343,0.00548866855524079,0.00548866855524079,5648,0,26,23,0.169618214035312,26,23,4.57969177895343,0
"128",128,"2016-11-22 10:49:10",0,0,1,0,0.000598802395209581,0.000598802395209581,1670,1,0,0,0,0,0,0,0
"129",129,"2015-10-30 16:28:53",18,1,2,0.995727452084926,0.0122448979591837,0.0054421768707483,1470,0,18,1,0.497863726042463,18,1,0.995727452084926,0
"130",130,"2007-02-17 07:30:08",10,1,3,1.38298392498452,0.0683760683760684,0.0759734093067426,1053,0,10,1,0.460994641661505,10,1,1.38298392498452,0
"131",131,"2009-09-14 14:04:19",17,2,2,1,0.000773395204949729,0,2586,0,17,2,0.5,17,2,1,0
"132",132,"2011-08-18 11:14:49",7,1,1,0,0.0223214285714286,0.00892857142857143,224,0,7,1,0,7,1,0,0
"133",133,"2016-06-09 11:09:18",18,1,3,1.28664267971377,0.168147208121827,0.0323604060913706,1576,0,18,1,0.428880893237923,18,1,1.28664267971377,0
"134",134,"2013-05-30 18:07:54",16,1,2,0.669181760026121,0.145579268292683,0.111280487804878,1312,0,16,1,0.33459088001306,16,1,0.669181760026121,0
"135",135,"2008-10-28 12:07:27",9,1,1,0,0.00259067357512953,0.00259067357512953,386,0,9,1,0,9,1,0,0
"136",136,"2017-11-01 11:26:36",18,2,2,1,0.00319561743894088,0.00136955033097466,4381,0,18,2,0.5,18,2,1,0
"137",137,"2013-03-01 16:56:26",8,1,1,0,0.094017094017094,0.0427350427350427,117,1,8,1,0,8,1,0,0
"138",138,"2019-01-14 10:54:33",0,0,0,0,0,0,0,1,0,0,NA,0,0,0,0
"139",139,"2010-04-02 09:14:05",7,1,2,1,0.0153846153846154,0.0153846153846154,130,1,7,1,0.5,7,1,1,0
"140",140,"2006-04-28 14:07:27",7,1,1,0,1,0,173,0,7,1,0,7,1,0,1
"141",141,"2009-09-15 07:14:21",4,1,2,0.811278124459133,0.00691562932226833,0.004149377593361,1446,0,4,1,0.405639062229566,4,1,0.811278124459133,1
"142",142,"2008-02-28 16:42:30",11,1,1,0,0.0247747747747748,0.0833333333333333,444,0,11,1,0,11,1,0,1
"143",143,"2010-07-21 08:59:42",17,1,7,1.99870416915587,0.121933085501859,0,1345,0,17,1,0.285529167022267,17,1,1.99870416915587,1
"144",144,"2006-10-26 10:28:08",1,1,1,0,0.00478468899521531,0.00239234449760766,418,0,1,1,0,1,1,0,0
"145",145,"2008-05-27 13:51:42",19,1,3,1.28960855834815,0.0941828254847645,0,361,1,19,1,0.429869519449384,19,1,1.28960855834815,0
"146",146,"2019-01-16 14:10:02",16,2,5,2.08116896172503,0.104776579352851,0.0400616332819723,1298,1,16,2,0.416233792345006,16,2,2.08116896172503,0
"147",147,"2013-10-24 12:59:15",17,1,4,1.89420960058768,0.168115942028985,0.00676328502415459,1035,1,17,1,0.473552400146919,17,1,1.89420960058768,0
"148",148,"2016-11-21 15:42:25",4,1,1,0,0.0641025641025641,0.0641025641025641,78,0,4,1,0,4,1,0,0
"149",149,"2008-05-22 11:38:33",14,1,3,1.04357066161878,0.319095477386935,0.0477386934673367,398,1,14,1,0.347856887206259,14,1,1.04357066161878,0
"150",150,"2017-10-06 16:21:15",15,1,2,0.445693177722561,0.300970873786408,0.0129449838187702,309,0,15,1,0.222846588861281,15,1,0.445693177722561,0
"151",151,"2012-06-21 10:11:22",8,1,1,0,0.0141509433962264,0.0141509433962264,212,0,8,1,0,8,1,0,0
"152",152,"2008-03-10 20:35:34",17,1,21,4.09340827309073,0.0252989083347773,0.00953041067405995,5771,1,17,1,0.194924203480511,17,1,4.09340827309073,0
"153",153,"2013-12-05 12:01:44",6,1,2,1,0.00675675675675676,0.00675675675675676,296,1,6,1,0.5,6,1,1,0
"154",154,"2012-12-12 16:48:14",7,1,1,0,0.00144092219020173,0.00144092219020173,2082,0,7,1,0,7,1,0,0
"155",155,"2006-05-02 08:41:20",0,0,1,0,0.00243605359317905,0.00243605359317905,821,0,0,0,0,0,0,0,0
"156",156,"2011-04-13 17:49:29",27,2,10,2.49520046253049,0.217433414043584,0.0169491525423729,2065,1,27,2,0.249520046253049,27,2,2.49520046253049,1
"157",157,"2006-02-24 18:44:43",3,1,1,0,0.0666666666666667,0.146666666666667,75,0,3,1,0,3,1,0,0
"158",158,"2016-12-19 10:16:25",10,2,2,1,0.0148148148148148,0,135,0,10,2,0.5,10,2,1,0
"159",159,"2006-08-03 04:08:06",7,1,1,0,0.735294117647059,0.661764705882353,68,0,7,1,0,7,1,0,0
"160",160,"2009-04-20 10:18:31",8,1,1,0,0.0160642570281124,0.0160642570281124,498,0,8,1,0,8,1,0,0
"161",161,"2009-08-04 13:36:39",28,1,25,3.25582096291188,0.0276710222905457,0.0730207532667179,2602,1,28,1,0.130232838516475,28,1,3.25582096291188,1
"162",162,"2012-11-06 22:05:06",20,1,15,2.85842505210431,0.42092955276235,0.404267757965507,3421,0,20,1,0.190561670140288,20,1,2.85842505210431,1
"163",163,"2006-01-05 20:39:41",16,1,4,1.50254675505779,0.072850487081745,0.0118593816179585,2361,0,16,1,0.375636688764448,16,1,1.50254675505779,1
"164",164,"2009-02-13 13:48:51",10,1,3,1.15111355119388,0.173770491803279,0.0360655737704918,305,0,10,1,0.383704517064627,10,1,1.15111355119388,1
"165",165,"2008-05-15 14:25:48",8,1,1,0,0.00100603621730382,0,994,0,8,1,0,8,1,0,0
"166",166,"2015-08-14 12:10:10",11,1,6,2.41660790480999,0.0265519820493642,0.00037397157816006,2674,0,11,1,0.402767984134998,11,1,2.41660790480999,0
"167",167,"2007-11-06 19:44:58",9,1,3,1.52320357159405,0.0876095118898623,0.0337922403003755,799,0,9,1,0.507734523864682,9,1,1.52320357159405,1
"168",168,"2012-04-16 13:28:52",9,1,1,0,0.0491071428571429,0.00446428571428571,224,0,9,1,0,9,1,0,0
"169",169,"2010-10-05 10:26:14",9,1,1,0,0.00146341463414634,0.00048780487804878,2050,0,9,1,0,9,1,0,0
"170",170,"2009-11-19 12:25:52",10,1,2,0.968461008760162,0.0602055800293686,0.0102790014684288,681,0,10,1,0.484230504380081,10,1,0.968461008760162,0
"171",171,"2017-05-24 16:22:23",5,1,21,4.39231742277876,0.011214953271028,0.00841121495327103,2140,1,5,1,0.209157972513274,5,1,4.39231742277876,0
"172",172,"2014-02-06 12:57:18",0,0,1,0,0.00062266500622665,0.00062266500622665,1606,1,0,0,0,0,0,0,0
"173",173,"2008-12-02 20:54:32",16,1,3,1.09463314452507,0.663602941176471,0.00183823529411765,544,0,16,1,0.364877714841691,16,1,1.09463314452507,0
"174",174,"2006-09-14 07:16:11",12,1,7,1.76722930781708,0.0971896955503513,0.0179547228727557,2562,1,12,1,0.252461329688155,12,1,1.76722930781708,0
"175",175,"2014-01-06 11:49:38",8,1,1,0,0.038961038961039,0.0173160173160173,231,0,8,1,0,8,1,0,0
"176",176,"2009-09-02 16:14:19",13,2,3,0.54895443442504,0.136200716845878,0.014336917562724,558,1,13,2,0.182984811475013,13,2,0.54895443442504,1
"177",177,"2006-01-05 08:26:37",8,1,1,0,0.39678510998308,0.351945854483926,1182,0,8,1,0,8,1,0,1
"178",178,"2015-07-16 18:23:24",110,21,97,6.02062546172583,0.206918438590924,0.00571247223103777,18906,0,110,21,0.0620683037291322,110,21,6.02062546172583,1
"179",179,"2017-12-18 21:34:23",0,0,0,0,0,0,0,0,0,0,NA,0,0,0,0
"180",180,"2009-01-12 17:51:08",8,1,1,0,0.0078125,0.0078125,128,0,8,1,0,8,1,0,0
"181",181,"2006-01-03 21:01:10",11,1,4,1.59263349577695,0.0424628450106157,0.0424628450106157,471,0,11,1,0.398158373944239,11,1,1.59263349577695,0
"182",182,"2013-03-29 13:34:34",20,4,14,3.08367191609428,0.0422411264300381,0.117336462305661,3409,0,20,4,0.22026227972102,20,4,3.08367191609428,0
"183",183,"2006-10-30 12:20:57",15,1,2,0.11611507530477,0.96969696969697,0,66,0,15,1,0.0580575376523849,15,1,0.11611507530477,0
"184",184,"2010-08-06 13:50:58",10,1,2,1,0.00173010380622837,0.00173010380622837,1156,0,10,1,0.5,10,1,1,0
"185",185,"2014-11-25 15:30:13",10,1,1,0,0.0853658536585366,0.0528455284552846,246,0,10,1,0,10,1,0,0
"186",186,"2017-12-20 21:47:47",16,1,2,0.974240833488976,0.0618811881188119,0.0235148514851485,808,0,16,1,0.487120416744488,16,1,0.974240833488976,0
"187",187,"2013-09-03 00:37:33",21,2,5,1.52994726338009,0.145077720207254,0.0145077720207254,965,0,21,2,0.305989452676018,21,2,1.52994726338009,0
"188",188,"2013-09-03 00:30:48",9,1,2,0.991076059838222,0.0362903225806452,0,248,0,9,1,0.495538029919111,9,1,0.991076059838222,0
"189",189,"2007-03-12 15:49:58",9,1,1,0,0.00093984962406015,0,1064,0,9,1,0,9,1,0,0
"190",190,"2014-08-05 12:43:36",16,1,2,0.999943507170797,0.365612648221344,0.0810276679841897,506,0,16,1,0.499971753585399,16,1,0.999943507170797,0
"191",191,"2013-10-02 00:28:32",9,1,3,0.916118213778296,0.0475,0.015,400,0,9,1,0.305372737926099,9,1,0.916118213778296,0
"192",192,"2019-01-17 19:32:51",151,13,51,4.6865232699717,0.0109046696303051,0.0480261408108211,26319,0,151,13,0.0918926131367,151,13,4.6865232699717,0
"193",193,"2017-05-08 11:53:55",9,1,1,0,0.00492610837438424,0,203,0,9,1,0,9,1,0,0
"194",194,"2010-12-10 18:14:05",15,1,2,0.0377501851767354,0.150641025641026,0.115384615384615,936,0,15,1,0.0188750925883677,15,1,0.0377501851767354,0
"195",195,"2006-09-30 02:06:59",8,1,1,0,0.0164473684210526,0.00394736842105263,1520,0,8,1,0,8,1,0,0
"196",196,"2007-01-25 11:54:12",8,1,1,0,0.00110987791342952,0.00110987791342952,901,1,8,1,0,8,1,0,0
"197",197,"2006-10-19 17:06:27",7,1,1,0,0.0321027287319422,0.00481540930979133,623,0,7,1,0,7,1,0,0
"198",198,"2008-12-10 07:13:15",0,0,1,0,0.0036231884057971,0,1380,0,0,0,0,0,0,0,0
"199",199,"2010-02-16 18:19:36",8,1,1,0,0.003003003003003,0.003003003003003,333,1,8,1,0,8,1,0,0
"200",200,"2007-10-23 13:52:21",5,1,1,0,0.00371057513914657,0.00371057513914657,539,1,5,1,0,5,1,0,0
"201",201,"2007-08-15 14:12:46",8,1,1,0,0.016304347826087,0,368,1,8,1,0,8,1,0,0
"202",202,"2013-06-05 19:58:40",7,1,1,0,0.0224215246636771,0.031390134529148,446,0,7,1,0,7,1,0,0
"203",203,"2006-03-03 00:41:35",4,1,2,0.91829583405449,0.00946372239747634,0.00946372239747634,317,1,4,1,0.459147917027245,4,1,0.91829583405449,0
"204",204,"2010-09-08 11:23:35",14,1,3,0.704119433753937,0.334507042253521,0.0845070422535211,568,0,14,1,0.234706477917979,14,1,0.704119433753937,0
"205",205,"2013-05-30 23:22:16",9,1,1,0,0.0036068530207394,0,1109,0,9,1,0,9,1,0,0
"206",206,"2013-04-02 23:19:16",14,1,4,1.06343185756511,0.0340314136125654,0.00392670157068063,764,0,14,1,0.265857964391278,14,1,1.06343185756511,0
"207",207,"2009-09-17 14:01:35",26,23,27,4.57969177895343,0.00586787809956464,0.00586787809956464,5283,0,26,23,0.169618214035312,26,23,4.57969177895343,0
"208",208,"2010-08-08 06:05:13",0,0,1,0,0.000788643533123028,0.000788643533123028,1268,0,0,0,0,0,0,0,0
"209",209,"2007-02-25 20:31:23",19,1,21,3.7658824096175,0.0420332355816227,0.00825458889975019,9207,0,19,1,0.179327733791309,19,1,3.7658824096175,1
"210",210,"2015-02-23 17:17:58",7,1,2,0.574635697837679,0.017825311942959,0.0213903743315508,1122,0,7,1,0.28731784891884,7,1,0.574635697837679,0
"211",211,"2006-03-07 19:52:50",9,1,2,0.813587108732739,0.988439306358382,0,173,0,9,1,0.406793554366369,9,1,0.813587108732739,0
"212",212,"2013-10-10 12:09:47",180,1,104,5.8303156811679,0,203.1875,48,0,180,1,0.0560607277035375,180,1,5.8303156811679,0
"213",213,"2015-02-18 18:29:05",36,4,6,1.35772042892093,0.133600534402138,0.0327321309285237,1497,0,36,4,0.226286738153488,36,4,1.35772042892093,0
"214",214,"2006-04-03 10:43:55",9,1,1,0,0.020501138952164,0.0273348519362187,439,0,9,1,0,9,1,0,0
"215",215,"2007-03-06 20:24:12",9,1,4,1.65395995119674,0.131578947368421,0.0131578947368421,380,0,9,1,0.413489987799184,9,1,1.65395995119674,0
"216",216,"2005-12-29 02:45:17",1,1,1,0,0.00854700854700855,0.00854700854700855,117,0,1,1,0,1,1,0,0
"217",217,"2006-03-16 17:06:09",7,1,1,0,0.0988835725677831,0.00637958532695375,627,0,7,1,0,7,1,0,0
"218",218,"2015-01-09 13:01:07",9,1,2,1,0.00567375886524823,0,705,0,9,1,0.5,9,1,1,0
"219",219,"2010-04-09 10:36:00",18,1,9,1.62180792133867,0.0819256756756757,0.0239301801801802,3552,0,18,1,0.180200880148741,18,1,1.62180792133867,1
"220",220,"2016-03-28 09:02:34",0,0,1,0,0.000600961538461538,0.000600961538461538,1664,0,0,0,0,0,0,0,0
"221",221,"2012-12-12 15:41:03",17,2,2,0.88836302338456,0.0807291666666667,0.0299479166666667,768,0,17,2,0.44418151169228,17,2,0.88836302338456,0
"222",222,"2015-03-27 15:11:38",36,3,7,2.44682156616241,0.0346715328467153,0.0186131386861314,2740,1,36,3,0.349545938023202,36,3,2.44682156616241,0
"223",223,"2011-06-02 09:05:39",14,1,2,0.20245485905941,0.461678832116788,0,548,0,14,1,0.101227429529705,14,1,0.20245485905941,0
"224",224,"2006-11-20 18:13:50",20,1,10,2.83970538127978,0.444260256941567,0.0120182345627849,2413,0,20,1,0.283970538127978,20,1,2.83970538127978,1
"225",225,"2018-03-02 12:17:24",18,2,6,2.19646995191043,0.00596896140071628,0.00198965380023876,5026,0,18,2,0.366078325318404,18,2,2.19646995191043,0
"226",226,"2011-07-06 23:07:03",9,1,1,0,0.0202429149797571,0.0202429149797571,247,1,9,1,0,9,1,0,0
"227",227,"2011-05-09 16:11:50",21,1,6,1.4720154994417,0.0369526702100734,0.0103771197165275,3951,0,21,1,0.245335916573617,21,1,1.4720154994417,1
"228",228,"2015-06-29 22:01:14",6,1,3,1.19685500941523,0.353421859039837,0.076608784473953,979,0,6,1,0.398951669805076,6,1,1.19685500941523,0
"229",229,"2013-09-20 11:59:05",8,1,3,1.3367537551555,0.00868621064060804,0.0640608034744843,921,1,8,1,0.445584585051834,8,1,1.3367537551555,0
"230",230,"2015-06-08 17:10:19",0,0,0,0,0,0,0,0,0,0,NA,0,0,0,0
"231",231,"2006-03-03 13:56:29",11,1,7,2.64498570371446,0.236012207527976,0.00406917599186165,983,0,11,1,0.377855100530637,11,1,2.64498570371446,1
"232",232,"2013-11-03 11:00:03",9,1,1,0,0.00141342756183746,0.000706713780918728,1415,0,9,1,0,9,1,0,0
"233",233,NA,8,1,1,0,1,0,55,0,8,1,0,8,1,0,0
"234",234,"2019-05-29 17:25:30",16,1,5,1.57049250503913,0.267892976588629,0.0464882943143813,2990,0,16,1,0.314098501007827,16,1,1.57049250503913,0
"235",235,"2008-01-04 16:07:18",8,1,4,1.60211731324999,0.491372226787182,0,1217,0,8,1,0.400529328312498,8,1,1.60211731324999,0
"236",236,"2006-04-07 13:20:16",9,1,2,0.402179190202273,0.0298913043478261,0.0380434782608696,368,0,9,1,0.201089595101136,9,1,0.402179190202273,0
"237",237,"2006-04-21 08:02:19",8,1,1,0,0.0452876376988984,0.00244798041615667,817,0,8,1,0,8,1,0,1
"238",238,"2006-03-31 07:30:09",4,1,1,0,0.195121951219512,0.146341463414634,41,0,4,1,0,4,1,0,0
"239",239,"2011-10-21 22:18:28",9,1,1,0,0.00216450216450216,0.00324675324675325,924,0,9,1,0,9,1,0,0
"240",240,"2013-05-28 17:43:07",16,2,2,0.56996137604035,0.11968085106383,0.0186170212765957,376,1,16,2,0.284980688020175,16,2,0.56996137604035,0
"241",241,"2015-02-27 15:39:03",9,1,1,0,0.325842696629214,0.303370786516854,89,0,9,1,0,9,1,0,0
"242",242,"2005-12-28 15:38:10",8,1,3,1.02303706553288,0.0538116591928251,0.0403587443946188,446,0,8,1,0.341012355177627,8,1,1.02303706553288,1
"243",243,"2017-08-09 11:40:15",8,1,2,0.742487569542124,0.0306748466257669,0.0858895705521472,163,1,8,1,0.371243784771062,8,1,0.742487569542124,0
"244",244,"2006-02-18 07:20:16",8,1,6,1.97612677658582,0.479080730701237,0.0878020035356512,1697,0,8,1,0.329354462764303,8,1,1.97612677658582,1
"245",245,"2009-08-18 09:03:20",3,1,2,0.453716339186945,0.00764818355640535,0.0325047801147228,523,1,3,1,0.226858169593472,3,1,0.453716339186945,0
"246",246,"2012-06-11 09:24:51",14,1,2,0.994485462483463,0.0558766859344894,0.0102761721258831,1557,0,14,1,0.497242731241732,14,1,0.994485462483463,0
"247",247,"2007-12-24 09:42:25",8,1,1,0,0.0677083333333333,0.0208333333333333,192,0,8,1,0,8,1,0,0
"248",248,"2016-08-02 09:03:37",41,37,42,5.37975312679512,0.00347306356514013,0.00347306356514013,12381,0,41,37,0.128089360161789,41,37,5.37975312679512,0
"249",249,"2006-11-14 21:16:11",41,6,33,4.59883831253221,0.930967897658701,0.930002413709872,4143,0,41,6,0.1393587367434,41,6,4.59883831253221,1
"250",250,"2012-06-07 22:59:47",8,1,1,0,0.0298507462686567,0.0298507462686567,201,0,8,1,0,8,1,0,0
"251",251,"2006-07-06 17:50:56",9,1,7,2.72776489263265,0.0323101777059774,0.00430802369413032,1857,0,9,1,0.389680698947522,9,1,2.72776489263265,1
"252",252,"2010-07-07 18:30:14",5,1,2,0.29747224891929,0.0182370820668693,0.0972644376899696,329,0,5,1,0.148736124459645,5,1,0.29747224891929,0
"253",253,"2006-05-24 11:45:21",1,1,1,0,0.00657894736842105,0.00657894736842105,304,0,1,1,0,1,1,0,0
"254",254,"2014-07-08 16:50:18",13,8,9,2.78134278497262,0.0883785664578984,0.0219206680584551,2874,0,13,8,0.30903808721918,13,8,2.78134278497262,0
"255",255,"2016-02-25 12:19:59",6,1,1,0,0,0,0,0,6,1,0,6,1,0,0
"256",256,"2005-12-19 16:50:54",59,1,267,7.42424456067938,0.519826704374511,0.589024610385703,16619,0,59,1,0.0278061594032936,59,1,7.42424456067938,0
"257",257,"2011-09-14 15:46:37",0,0,1,0,0.000750187546886722,0.000750187546886722,1333,0,0,0,0,0,0,0,0
"258",258,"2006-08-11 09:34:11",8,1,1,0,0.00303030303030303,0.00303030303030303,330,1,8,1,0,8,1,0,0
"259",259,"2016-10-03 04:50:05",103,10,94,5.36695778053635,0.0106621493697374,0.0978028000597878,40142,1,103,10,0.0570952955376208,103,10,5.36695778053635,0
"260",260,"2010-11-04 13:13:37",19,1,11,2.70705965261783,0.0884466556108347,0.0295743504698729,3618,0,19,1,0.246096332056167,19,1,2.70705965261783,1
"261",261,"2010-10-05 13:51:55",9,1,1,0,0.0246913580246914,0,243,0,9,1,0,9,1,0,0
"262",262,"2009-01-28 17:44:14",7,1,1,0,0.99,0,100,0,7,1,0,7,1,0,1
"263",263,"2013-06-21 11:31:23",6,3,4,1.48383170684469,0.00264750378214826,0.00264750378214826,2644,0,6,3,0.370957926711172,6,3,1.48383170684469,0
"264",264,"2013-01-22 12:08:38",0,0,1,0,0.000653167864141084,0.000653167864141084,1531,0,0,0,0,0,0,0,0
"265",265,"2016-08-17 09:35:18",9,1,1,0,0.00959232613908873,0.00479616306954436,417,0,9,1,0,9,1,0,0
"266",266,"2013-11-28 21:13:02",18,2,2,0.942683189255492,0.00702075702075702,0.000610500610500611,3276,0,18,2,0.471341594627746,18,2,0.942683189255492,0
"267",267,"2006-02-14 13:38:09",9,1,1,0,0.08,0.08,100,0,9,1,0,9,1,0,0
"268",268,"2010-02-10 18:15:16",8,1,1,0,0.350649350649351,0.012987012987013,77,0,8,1,0,8,1,0,0
"269",269,"2012-12-20 21:02:09",8,1,1,0,0.0406320541760722,0.0158013544018059,443,0,8,1,0,8,1,0,0
"270",270,"2008-10-07 12:31:59",25,2,25,3.02144048943233,0.769128029002099,0.00171722953634803,5241,0,25,2,0.120857619577293,25,2,3.02144048943233,0
"271",271,"2016-07-11 18:20:08",16,1,2,0.222284830685688,0.0278606965174129,0,1005,0,16,1,0.111142415342844,16,1,0.222284830685688,0
"272",272,"2017-03-10 15:30:19",11,1,2,0.863120568566631,0.00321027287319422,0.000535045478865704,1869,0,11,1,0.431560284283315,11,1,0.863120568566631,0
"273",273,"2014-07-10 13:51:08",19,2,3,1.22439444540599,0.00614182021217197,0.00390843104410944,1791,1,19,2,0.408131481801995,19,2,1.22439444540599,0
"274",274,"2008-02-05 12:14:49",10,1,14,2.64013227493791,0.0788166214995483,0.0885275519421861,4428,0,10,1,0.188580876781279,10,1,2.64013227493791,1
"275",275,"2009-11-19 13:50:46",8,1,1,0,0.315217391304348,0,92,0,8,1,0,8,1,0,0
"276",276,"2012-11-09 17:04:57",1,1,1,0,0.0391993327773144,0.0467055879899917,1199,0,1,1,0,1,1,0,0
"277",277,"2015-02-11 15:51:55",10,1,1,0,0.0163132137030995,0.0130505709624796,613,1,10,1,0,10,1,0,0
"278",278,"2013-07-18 12:53:08",10,1,11,2.91999032132115,0.0233551977738024,0.00824885708606639,10062,0,10,1,0.26545366557465,10,1,2.91999032132115,0
"279",279,"2007-07-13 05:45:09",5,2,5,1.7507264614631,0.0711847879083374,0.0185275475377864,2051,0,5,2,0.35014529229262,5,2,1.7507264614631,1
"280",280,"2006-10-31 21:49:40",4,1,2,1,0.00706713780918728,0,283,0,4,1,0.5,4,1,1,0
"281",281,"2017-04-05 16:20:28",18,1,4,1.12426527258041,0.20845396641575,0.00636942675159236,1727,0,18,1,0.281066318145102,18,1,1.12426527258041,0
"282",282,"2006-05-09 17:41:47",4,1,1,0,0.075,0.08,200,0,4,1,0,4,1,0,0
"283",283,"2016-05-25 12:15:21",8,1,1,0,0.230769230769231,0.0989010989010989,91,0,8,1,0,8,1,0,0
"284",284,"2012-12-20 08:35:10",9,1,1,0,0.990740740740741,0,108,0,9,1,0,9,1,0,0
"285",285,"2013-05-28 15:11:38",9,1,1,0,0.191011235955056,0.101123595505618,89,1,9,1,0,9,1,0,1
"286",286,"2010-02-18 17:00:46",23,1,7,2.45097038575719,0.6286701208981,0,579,0,23,1,0.350138626536742,23,1,2.45097038575719,1
"287",287,"2009-06-15 10:11:24",8,1,1,0,0.00048828125,0.00048828125,2048,0,8,1,0,8,1,0,0
"288",288,"2018-02-01 09:42:37",0,0,1,0,0.000590318772136954,0.000590318772136954,1694,0,0,0,0,0,0,0,0
"289",289,"2010-06-30 15:27:01",4,1,1,0,0.0178571428571429,0,56,0,4,1,0,4,1,0,0
"290",290,"2015-11-10 15:38:16",17,2,2,0.332286630221615,0.0594947025264874,0.000407497962510187,2454,1,17,2,0.166143315110808,17,2,0.332286630221615,0
"291",291,"2016-03-08 16:45:06",27,3,5,0.65973624015048,0.0705999337089824,0.00331455087835598,3017,0,27,3,0.131947248030096,27,3,0.65973624015048,0
"292",292,"2015-01-04 12:21:44",4,1,1,0,0.0260336906584992,0.0122511485451761,653,1,4,1,0,4,1,0,0
"293",293,"2006-03-28 17:23:55",18,1,2,0.183122068301373,0.972972972972973,0,37,0,18,1,0.0915610341506864,18,1,0.183122068301373,0
"294",294,"2012-10-09 09:23:00",4,1,1,0,0.0506912442396313,0,217,0,4,1,0,4,1,0,0
"295",295,"2017-05-04 13:14:31",0,0,2,0,0,0,0,0,0,0,0,0,0,0,0
"296",296,"2006-07-26 00:48:59",6,1,1,0,0.00813008130081301,0.00813008130081301,123,1,6,1,0,6,1,0,0
"297",297,"2009-01-07 08:03:40",25,2,12,3.39645820293011,0.0264031883095317,0.000830288940551312,6022,0,25,2,0.283038183577509,25,2,3.39645820293011,0
"298",298,"2012-10-02 14:34:36",28,24,29,4.85798099512757,0.0040582143856703,0.0040582143856703,7146,0,28,24,0.167516586038882,28,24,4.85798099512757,0
"299",299,"2006-08-21 20:53:52",13,3,21,4.39231742277876,0.429086538461538,0,832,0,13,3,0.209157972513274,13,3,4.39231742277876,0
"300",300,"2013-04-02 23:19:42",14,1,2,0.394300237927475,0.177777777777778,0.0722222222222222,360,0,14,1,0.197150118963737,14,1,0.394300237927475,0
"301",301,"2009-11-17 14:55:45",18,1,4,1.2829865229208,0.27831715210356,0.00647249190938511,1236,0,18,1,0.3207466307302,18,1,1.2829865229208,0
"302",302,"2006-03-07 07:39:51",12,1,22,4.10496572064718,0.108713522400329,0.0382244143033292,4866,0,12,1,0.186589350938508,12,1,4.10496572064718,1
"303",303,"2014-06-06 16:09:52",8,1,1,0,0.0723684210526316,0.0197368421052632,152,0,8,1,0,8,1,0,0
"304",304,"2013-12-03 17:15:02",27,3,9,3.01110205833496,0.0249433106575964,0.000377928949357521,2646,0,27,3,0.334566895370551,27,3,3.01110205833496,0
"305",305,"2011-10-25 16:57:39",1,1,2,0.932111567616675,0.00694789081885856,0.00446650124069479,2015,0,1,1,0.466055783808337,1,1,0.932111567616675,0
"306",306,"2019-05-14 07:40:49",203,18,93,5.17275582621103,0.0630727260008861,0.00962995779606874,42887,0,203,18,0.0556210303893659,203,18,5.17275582621103,0
"307",307,"2006-07-03 13:29:50",9,1,1,0,0.00591715976331361,0.00591715976331361,169,0,9,1,0,9,1,0,1
"308",308,"2011-06-02 22:52:32",14,1,2,0.491237341824333,0.103810775295664,0.00657030223390276,761,0,14,1,0.245618670912167,14,1,0.491237341824333,0
"309",309,"2012-09-21 09:35:01",1,1,2,0.281193796432043,0.00909090909090909,0.00643939393939394,2640,0,1,1,0.140596898216021,1,1,0.281193796432043,0
"310",310,"2006-03-09 05:42:56",9,1,5,1.44135008521563,0.0032,0.04,625,0,9,1,0.288270017043126,9,1,1.44135008521563,0
"311",311,"2013-02-01 14:53:32",17,1,6,2.12680989831764,0,2.75974025974026,154,0,17,1,0.354468316386273,17,1,2.12680989831764,0
"312",312,"2013-07-19 18:21:09",14,2,2,0.159350062685634,0.010443864229765,0.0120104438642298,1915,1,14,2,0.0796750313428172,14,2,0.159350062685634,0
"313",313,"2008-01-03 06:34:40",9,1,4,1.91829583405449,0.0188976377952756,0,635,0,9,1,0.479573958513622,9,1,1.91829583405449,0
"314",314,"2014-01-16 14:51:42",116,10,49,4.19002643713331,0.0861699895068206,0.0153200419727177,23825,0,116,10,0.0855107436149655,116,10,4.19002643713331,0
"315",315,"2011-10-05 13:49:50",12,2,5,1.72414326239282,0.0997304582210243,0.0947246823257605,2597,0,12,2,0.344828652478564,12,2,1.72414326239282,0
"316",316,"2008-04-14 16:24:07",7,1,1,0,0.126506024096386,0,166,0,7,1,0,7,1,0,0
"317",317,"2014-02-12 14:29:23",9,1,1,0,0.00069060773480663,0.00069060773480663,1448,1,9,1,0,9,1,0,0
"318",318,"2007-02-05 13:57:43",19,1,26,3.73396493784339,0.122191621974199,0.0533410639223076,6899,0,19,1,0.1436140360709,19,1,3.73396493784339,1
"319",319,"2018-10-15 15:26:44",0,0,0,0,0,0,0,0,0,0,NA,0,0,0,0
"320",320,"2016-09-28 09:51:05",18,2,2,0.394971761844446,0.676744186046512,0.00930232558139535,430,0,18,2,0.197485880922223,18,2,0.394971761844446,1
"321",321,"2008-06-14 08:34:15",9,1,1,0,0.00554016620498615,0.0110803324099723,361,0,9,1,0,9,1,0,0
"322",322,"2013-05-16 13:50:35",8,1,1,0,0.0209424083769634,0.00837696335078534,955,1,8,1,0,8,1,0,0
"323",323,"2016-05-18 11:02:14",8,1,1,0,0.00148367952522255,0.0029673590504451,674,1,8,1,0,8,1,0,0
"324",324,"2007-10-03 18:50:03",7,1,1,0,0.0101156069364162,0.00674373795761079,2076,1,7,1,0,7,1,0,0
"325",325,"2011-08-12 20:29:29",30,2,34,3.97976514362246,0.214608588452846,0.0983151838915143,9734,1,30,2,0.117051915988896,30,2,3.97976514362246,1
"326",326,"2006-05-18 06:21:33",4,1,12,3.50325833477565,0.0112289457267623,0.0112289457267623,1603,0,4,1,0.291938194564637,4,1,3.50325833477565,0
"327",327,"2011-09-30 19:38:46",8,1,1,0,0.834905660377358,0.759433962264151,212,0,8,1,0,8,1,0,0
"328",328,"2010-12-09 18:18:04",9,1,1,0,0.0204081632653061,0.0204081632653061,49,0,9,1,0,9,1,0,0
"329",329,"2017-11-16 07:44:33",16,2,3,0.942405133277978,0.00178126113288208,0.00855005343783399,2807,0,16,2,0.314135044425993,16,2,0.942405133277978,0
"330",330,"2012-02-16 00:40:55",9,1,1,0,0.0364963503649635,0.0291970802919708,137,1,9,1,0,9,1,0,0
"331",331,"2009-03-18 19:49:39",24,1,6,1.3802752509205,0.109635974304069,0.0145610278372591,2335,1,24,1,0.230045875153417,24,1,1.3802752509205,1
"332",332,"2014-11-24 19:31:32",1,1,1,0,0.0068259385665529,0.0409556313993174,293,0,1,1,0,1,1,0,0
"333",333,"2011-12-15 14:23:21",9,1,1,0,0.129411764705882,0.388235294117647,85,1,9,1,0,9,1,0,0
"334",334,"2012-03-19 15:01:12",16,1,3,1.12568662866171,0.130050505050505,0,792,0,16,1,0.37522887622057,16,1,1.12568662866171,0
"335",335,"2014-04-23 14:59:03",19,2,3,1.18393417968881,0.539473684210526,0.0394736842105263,380,1,19,2,0.394644726562938,19,2,1.18393417968881,0
"336",336,"2011-03-24 20:31:26",8,1,1,0,0.0694444444444444,0.0416666666666667,72,0,8,1,0,8,1,0,0
"337",337,"2005-12-22 17:36:17",9,1,4,1.0631062648922,0.0347003154574132,0.0583596214511041,634,0,9,1,0.265776566223049,9,1,1.0631062648922,0
"338",338,"2016-04-12 19:32:29",7,1,1,0,0.00306630893062476,0.00191644308164048,2609,0,7,1,0,7,1,0,0
"339",339,"2009-12-18 09:29:54",9,1,1,0,0.0410958904109589,0.0547945205479452,73,0,9,1,0,9,1,0,0
"340",340,"2008-07-25 16:13:20",8,1,1,0,0.266968325791855,0.230769230769231,221,0,8,1,0,8,1,0,0
"341",341,"2006-08-08 18:42:24",9,1,1,0,0.00641025641025641,0,468,0,9,1,0,9,1,0,0
"342",342,"2014-01-14 22:17:19",8,1,1,0,0.00407331975560081,0.00407331975560081,491,0,8,1,0,8,1,0,0
"343",343,"2016-05-26 16:52:18",10,1,1,0,0,0.00120481927710843,830,0,10,1,0,10,1,0,0
"344",344,"2006-03-08 14:44:35",9,1,6,2.35888695248799,0.334939759036145,0.072289156626506,830,0,9,1,0.393147825414665,9,1,2.35888695248799,1
"345",345,"2019-07-31 12:55:24",9,1,1,0,0.00117508813160987,0.00117508813160987,851,0,9,1,0,9,1,0,0
"346",346,"2015-11-18 15:05:12",16,2,4,1.41808638291955,0.0964526531808854,0.0152447962474348,3411,0,16,2,0.354521595729887,16,2,1.41808638291955,1
"347",347,"2014-01-17 10:19:49",8,1,1,0,0,0,0,0,8,1,0,8,1,0,0
"348",348,"2006-11-09 20:12:29",12,1,4,0.985322082971172,0.291139240506329,0.0210970464135021,237,0,12,1,0.246330520742793,12,1,0.985322082971172,0
"349",349,"2013-03-22 20:24:43",7,1,1,0,0.0220994475138122,0.0110497237569061,362,1,7,1,0,7,1,0,0
"350",350,"2013-10-22 15:16:25",1,1,1,0,0.000960614793467819,0.000960614793467819,1041,0,1,1,0,1,1,0,0
"351",351,"2016-04-14 18:38:31",9,1,1,0,0.0482456140350877,0.0350877192982456,456,0,9,1,0,9,1,0,0
"352",352,"2006-09-26 18:29:30",4,1,1,0,0.03035413153457,0.00168634064080944,593,0,4,1,0,4,1,0,0
"353",353,"2012-09-18 12:25:19",12,2,2,0.973385435229956,0.058641975308642,0.0138888888888889,648,0,12,2,0.486692717614978,12,2,0.973385435229956,0
"354",354,"2010-04-23 15:27:36",13,2,3,1.56127812445913,0.0226628895184136,0,706,0,13,2,0.520426041486378,13,2,1.56127812445913,1
"355",355,"2016-09-23 14:30:37",14,1,2,0.650022421648354,0.0296495956873315,0.00269541778975741,371,0,14,1,0.325011210824177,14,1,0.650022421648354,0
"356",356,"2007-08-08 13:22:15",17,1,6,2.04991768950162,0.00723327305605787,0.00578661844484629,2765,1,17,1,0.34165294825027,17,1,2.04991768950162,0
"357",357,"2006-09-26 13:32:52",20,1,5,1.19841174937377,0.0483128834355828,0.00766871165644172,1304,1,20,1,0.239682349874754,20,1,1.19841174937377,0
"358",358,"2013-01-25 17:12:34",0,0,1,0,0.00130633572828217,0.00130633572828217,1531,1,0,0,0,0,0,0,0
"359",359,"2011-07-11 16:07:27",9,1,1,0,0.018018018018018,0.00900900900900901,111,0,9,1,0,9,1,0,0
"360",360,"2010-05-23 16:13:23",0,0,1,0,0.0024390243902439,0.0016260162601626,1230,1,0,0,0,0,0,0,0
"361",361,"2013-02-06 14:58:59",9,1,1,0,0.0648648648648649,0.0432432432432432,185,1,9,1,0,9,1,0,0
"362",362,"2016-11-10 12:45:37",10,1,1,0,0.0413793103448276,0.00689655172413793,290,0,10,1,0,10,1,0,0
"363",363,"2018-11-22 17:07:20",0,0,0,0,0,0,0,0,0,0,NA,0,0,0,0
"364",364,"2006-08-25 10:41:36",8,1,1,0,0.0246913580246914,0.0123456790123457,81,0,8,1,0,8,1,0,0
"365",365,"2006-04-26 17:08:51",10,1,2,0.91829583405449,0.0641399416909621,0.00583090379008746,343,0,10,1,0.459147917027245,10,1,0.91829583405449,0
"366",366,"2017-04-04 16:36:34",9,1,2,1,0.00443458980044346,0.00443458980044346,451,0,9,1,0.5,9,1,1,0
"367",367,"2009-05-13 16:43:31",25,2,8,2.05374580805447,0.0440651052004764,0.0127034537514887,2519,1,25,2,0.256718226006809,25,2,2.05374580805447,1
"368",368,"2018-05-15 12:00:22",10,1,2,1,0.00219298245614035,0.00219298245614035,912,0,10,1,0.5,10,1,1,0
"369",369,"2013-01-08 20:33:16",16,1,7,1.8081026249073,0.334273624823695,0.251057827926657,1418,0,16,1,0.258300374986757,16,1,1.8081026249073,1
"370",370,"2014-06-04 10:50:12",0,0,1,0,0.00123456790123457,0,1620,0,0,0,0,0,0,0,0
"371",371,"2015-12-15 15:12:34",5,1,1,0,0.0204081632653061,0,49,0,5,1,0,5,1,0,0
"372",372,"2008-04-17 17:05:05",9,1,2,0.538456920463084,0.741573033707865,0.0337078651685393,178,1,9,1,0.269228460231542,9,1,0.538456920463084,1
"373",373,"2006-03-15 23:18:24",6,1,2,1,0.0194174757281553,0.0194174757281553,103,0,6,1,0.5,6,1,1,0
"374",374,"2005-12-22 08:07:24",1,1,1,0,0.0145888594164456,0.0106100795755968,754,0,1,1,0,1,1,0,0
"375",375,"2006-10-04 08:29:38",15,1,3,1.22344742586761,0.0630595562475672,0.0455430128454652,2569,0,15,1,0.407815808622536,15,1,1.22344742586761,0
"376",376,"2009-09-23 09:21:48",10,1,1,0,0.0512820512820513,0.032051282051282,156,0,10,1,0,10,1,0,0
"377",377,"2007-08-13 16:03:25",3,1,45,3.90831763002277,0.993731918997107,0,2074,0,3,1,0.0868515028893949,3,1,3.90831763002277,0
"378",378,"2010-02-09 19:56:21",32,4,16,3.66641647346317,0.0240743562395246,0.00944689928386409,6563,0,32,4,0.229151029591448,32,4,3.66641647346317,1
"379",379,"2012-03-05 12:16:40",7,1,2,1,0.000559284116331096,0.000559284116331096,3576,1,7,1,0.5,7,1,1,0
"380",380,"2015-11-27 12:20:12",39,4,16,2.2056869226702,0.0496573962112052,0.00661023780733575,12405,1,39,4,0.137855432666887,39,4,2.2056869226702,0
"381",381,"2015-04-08 10:28:40",16,2,2,0.175565025857503,0.137795275590551,0.0118110236220472,254,1,16,2,0.0877825129287514,16,2,0.175565025857503,0
"382",382,"2015-05-27 12:25:46",10,1,2,0.439496986921513,0.00383969282457403,0.00143988480921526,4167,0,10,1,0.219748493460757,10,1,0.439496986921513,0
"383",383,"2016-11-25 16:44:28",18,2,3,0.755728361867541,0.127989657401422,0.00193923723335488,1547,1,18,2,0.251909453955847,18,2,0.755728361867541,0
"384",384,"2005-12-28 20:31:11",0,0,0,0,0,0,0,0,0,0,NA,0,0,0,0
"385",385,"2006-04-26 17:27:25",1,1,1,0,0.0333333333333333,0.0333333333333333,30,0,1,1,0,1,1,0,0
"386",386,"2006-12-11 16:35:55",0,0,1,0,0.00216450216450216,0,924,0,0,0,0,0,0,0,0
"387",387,"2014-05-13 00:30:11",9,1,1,0,0.0141752577319588,0.00579896907216495,1552,0,9,1,0,9,1,0,0
"388",388,"2010-01-20 12:54:07",8,1,3,1.40340993302988,0.012278978388998,0.000491159135559921,2036,0,8,1,0.46780331100996,8,1,1.40340993302988,1
"389",389,"2008-03-21 15:29:55",8,1,1,0,0.0398550724637681,0.0072463768115942,276,0,8,1,0,8,1,0,0
"390",390,"2006-01-07 13:47:39",5,1,74,2.59477062773724,0.23280701754386,0.0231578947368421,5700,0,5,1,0.0350644679423952,5,1,2.59477062773724,0
"391",391,"2007-08-30 20:49:41",17,1,12,2.8556466198958,0.0238470634607805,0.00295624753646039,5074,0,17,1,0.237970551657983,17,1,2.8556466198958,1
"392",392,"2009-02-24 14:18:29",9,1,1,0,0.0683229813664596,0.0186335403726708,161,1,9,1,0,9,1,0,0
"393",393,"2013-09-06 13:28:53",17,1,3,1.47109016543946,0.121428571428571,0.00857142857142857,700,0,17,1,0.490363388479818,17,1,1.47109016543946,0
"394",394,"2012-10-15 10:38:59",18,1,3,0.482179190202273,0.101952277657267,0.00650759219088937,461,1,18,1,0.160726396734091,18,1,0.482179190202273,0
"395",395,"2011-10-30 23:27:52",13,1,4,0.922980070398152,0.0267489711934156,0.0051440329218107,3888,1,13,1,0.230745017599538,13,1,0.922980070398152,0
"396",396,"2012-08-08 18:01:11",9,1,1,0,0.339869281045752,0.352941176470588,153,0,9,1,0,9,1,0,0
"397",397,"2013-11-14 09:48:34",8,1,1,0,0.224719101123595,0.0224719101123595,89,0,8,1,0,8,1,0,0
"398",398,"2006-04-03 14:12:48",9,1,1,0,0.0184049079754601,0.00613496932515337,163,0,9,1,0,9,1,0,0
"399",399,"2012-09-28 21:13:59",16,1,3,0.328277234367016,0.103011635865845,0.00136892539356605,2922,0,16,1,0.109425744789005,16,1,0.328277234367016,1
"400",400,"2016-10-27 15:52:39",8,1,1,0,0.00116279069767442,0.00232558139534884,860,0,8,1,0,8,1,0,0
"401",401,"2012-06-07 14:46:27",23,2,5,1.7464425187701,0.176039119804401,0.0171149144254279,1227,0,23,2,0.34928850375402,23,2,1.7464425187701,0
"402",402,"2006-01-04 10:32:07",15,1,2,0.996240113546178,0.97979797979798,0,99,0,15,1,0.498120056773089,15,1,0.996240113546178,0
"403",403,"2009-08-18 12:49:44",13,2,6,2.46455924463201,0,0.203219315895372,497,1,13,2,0.410759874105336,13,2,2.46455924463201,0
"404",404,"2008-08-19 12:05:45",15,1,4,1.83573949569935,0.738532110091743,0.00917431192660551,218,0,15,1,0.458934873924836,15,1,1.83573949569935,0
"405",405,"2011-05-11 13:17:53",22,1,3,0.892942741766581,0.0196687370600414,0.0020703933747412,966,0,22,1,0.29764758058886,22,1,0.892942741766581,0
"406",406,"2013-01-08 14:48:43",1,1,1,0,0.178217821782178,0.178217821782178,202,0,1,1,0,1,1,0,0
"407",407,"2007-01-19 18:36:41",18,1,5,1.76214720998358,0.0404551201011378,0.00505689001264223,1582,1,18,1,0.352429441996716,18,1,1.76214720998358,1
"408",408,"2007-12-13 14:45:01",11,1,2,0.970950594454669,0.00461133069828722,0.00197628458498024,1518,0,11,1,0.485475297227334,11,1,0.970950594454669,0
"409",409,"2008-06-04 10:52:13",7,1,7,1.87557583754463,0.0190260080293245,0.00209460638854949,5729,0,7,1,0.267939405363519,7,1,1.87557583754463,1
"410",410,"2012-10-31 21:06:15",8,1,1,0,0.357575757575758,0.345454545454545,165,1,8,1,0,8,1,0,0
"411",411,"2017-01-23 11:00:11",20,1,2,0.213026057292825,0.111963190184049,0.00153374233128834,1304,0,20,1,0.106513028646412,20,1,0.213026057292825,0
"412",412,"2008-05-15 13:22:41",13,1,1,0,0.00749063670411985,0,267,0,13,1,0,13,1,0,0
"413",413,"2006-03-17 09:10:23",9,1,1,0,0.177777777777778,0,135,0,9,1,0,9,1,0,0
"414",414,"2007-03-13 12:08:25",8,1,1,0,0.164383561643836,0.0136986301369863,73,0,8,1,0,8,1,0,0
"415",415,"2016-12-20 14:47:22",41,4,10,2.32339657350025,0.124262101534829,0.00324675324675325,3388,0,41,4,0.232339657350025,41,4,2.32339657350025,0
"416",416,"2008-04-02 15:18:04",9,1,2,0.77062906936394,0.108786610878661,0.0209205020920502,239,0,9,1,0.38531453468197,9,1,0.77062906936394,0
"417",417,"2013-01-03 18:58:11",1,1,1,0,0.00602409638554217,0.00602409638554217,166,0,1,1,0,1,1,0,0
"418",418,"2012-03-19 19:23:12",15,1,2,0.622408860579178,0.118210862619808,0.0012779552715655,3130,1,15,1,0.311204430289589,15,1,0.622408860579178,1
"419",419,"2010-08-04 12:56:42",18,1,6,1.87954207189231,0.000804181745074387,0.00663449939686369,4974,1,18,1,0.313257011982052,18,1,1.87954207189231,0
"420",420,"2007-01-04 00:57:03",28,1,38,3.30091251862486,0.0306399132321041,0.268709327548807,7376,0,28,1,0.0868661189111806,28,1,3.30091251862486,1
"421",421,"2006-05-03 11:12:12",8,1,1,0,0,0.00476190476190476,210,0,8,1,0,8,1,0,0
"422",422,"2012-09-05 16:28:58",12,1,4,1.87772227486682,0.0154185022026432,0.0143171806167401,1816,0,12,1,0.469430568716705,12,1,1.87772227486682,0
"423",423,"2013-01-29 17:31:30",7,1,1,0,0.0229885057471264,0,261,1,7,1,0,7,1,0,0
"424",424,"2012-10-02 15:37:31",28,24,29,4.75,0.00447802966694654,0.00447802966694654,7146,0,28,24,0.163793103448276,28,24,4.75,0
"425",425,"2014-10-29 14:16:34",9,1,2,0.91829583405449,0,0.0167389956602604,1613,0,9,1,0.459147917027245,9,1,0.91829583405449,0
"426",426,"2007-03-06 10:36:53",9,1,2,0.890491640219491,0.0328697850821745,0,791,0,9,1,0.445245820109746,9,1,0.890491640219491,0
"427",427,"2011-10-24 14:07:29",8,1,1,0,0.0306122448979592,0.0816326530612245,98,0,8,1,0,8,1,0,0
"428",428,"2012-04-25 18:30:16",0,0,1,0,0.00074019245003701,0.00074019245003701,1351,0,0,0,0,0,0,0,0
"429",429,"2008-04-02 15:15:57",0,0,1,0,0.00087260034904014,0.00087260034904014,1146,0,0,0,0,0,0,0,1
"430",430,"2009-01-12 15:44:40",7,1,1,0,0.107981220657277,0,213,0,7,1,0,7,1,0,0
"431",431,"2005-12-28 15:24:44",1,1,3,0.574276843248077,0.951351351351351,1.64864864864865,185,0,1,1,0.191425614416026,1,1,0.574276843248077,1
"432",432,"2014-09-08 13:51:25",37,3,10,2.75273554799755,0.068534876637222,0.00304599451720987,3283,0,37,3,0.275273554799755,37,3,2.75273554799755,0
"433",433,"2013-12-11 09:33:50",6,1,1,0,0.017910447761194,0,335,0,6,1,0,6,1,0,0
"434",434,"2006-01-13 23:09:37",0,0,1,0,0.032258064516129,0,31,0,0,0,0,0,0,0,0
"435",435,"2016-06-15 19:15:21",8,1,1,0,0.0582010582010582,0.00529100529100529,189,0,8,1,0,8,1,0,0
"436",436,"2013-10-02 11:42:58",9,1,2,0.413816850303634,0.0177514792899408,0,676,1,9,1,0.206908425151817,9,1,0.413816850303634,0
"437",437,"2011-10-31 18:54:19",14,1,5,1.53403875197601,0.14006968641115,0.00400696864111498,5740,0,14,1,0.306807750395201,14,1,1.53403875197601,1
"438",438,"2008-03-26 16:26:07",9,1,2,0.707669000416797,0.637096774193548,0.0524193548387097,248,1,9,1,0.353834500208398,9,1,0.707669000416797,1
"439",439,"2018-09-04 06:53:00",9,1,1,0,0,0.0013531799729364,1478,0,9,1,0,9,1,0,0
"440",440,"2016-11-29 18:42:08",4,1,1,0,0.165217391304348,0.00869565217391304,115,1,4,1,0,4,1,0,0
"441",441,"2007-06-26 04:57:31",7,1,1,0,0.00256410256410256,0.00256410256410256,780,0,7,1,0,7,1,0,0
"442",442,"2018-07-26 10:42:10",27,3,4,1.28773053234569,0.134480062548866,0.017982799061767,1279,0,27,3,0.321932633086423,27,3,1.28773053234569,0
"443",443,"2014-04-30 07:56:52",0,0,1,0,0.000621890547263682,0.000621890547263682,1608,0,0,0,0,0,0,0,0
"444",444,"2015-07-29 17:05:07",8,1,1,0,0.00647249190938511,0,927,0,8,1,0,8,1,0,0
"445",445,"2006-04-17 20:38:21",11,4,10,2.23161466998733,0.327569169960474,0.00494071146245059,2024,0,11,4,0.223161466998733,11,4,2.23161466998733,1
"446",446,"2013-06-07 17:34:03",9,1,1,0,0.116279069767442,0.0387596899224806,129,1,9,1,0,9,1,0,0
"447",447,"2006-06-02 12:23:51",9,1,1,0,0,0,0,0,9,1,0,9,1,0,0
"448",448,"2007-07-03 14:06:38",9,1,1,0,0.027027027027027,0.027027027027027,111,0,9,1,0,9,1,0,0
"449",449,"2012-09-21 07:42:59",4,1,2,0.468995593589281,0.0115642118076689,0.000608642726719416,1643,0,4,1,0.234497796794641,4,1,0.468995593589281,0
"450",450,"2009-09-17 11:25:11",0,0,1,0,0,0.0475770925110132,1135,0,0,0,0,0,0,0,0
"451",451,"2013-08-08 15:38:34",8,1,1,0,0.00034494653328734,0.00034494653328734,2899,1,8,1,0,8,1,0,0
"452",452,"2006-10-25 14:50:51",5,1,3,0.502820255306647,0.991071428571429,0,224,0,5,1,0.167606751768882,5,1,0.502820255306647,0
"453",453,"2018-03-02 16:12:49",0,0,1,0,0.00295159386068477,0.00295159386068477,1694,0,0,0,0,0,0,0,0
"454",454,"2013-05-07 21:17:34",20,2,11,3.07113594893295,0.116502683363148,0.0261627906976744,4472,0,20,2,0.279194177175723,20,2,3.07113594893295,0
"455",455,"2011-03-23 16:50:34",4,1,2,0.371232326640876,0.35,0,200,0,4,1,0.185616163320438,4,1,0.371232326640876,0
"456",456,"2006-03-04 03:42:22",8,1,1,0,0.0345911949685535,0.0408805031446541,318,0,8,1,0,8,1,0,1
"457",457,"2012-03-14 21:15:20",8,1,1,0,0.064,0.0213333333333333,375,1,8,1,0,8,1,0,0
"458",458,"2011-02-16 13:58:54",221,13,718,9.48706631927091,0.00892857142857143,0.00892857142857143,80528,0,221,13,0.0132131842886781,221,13,9.48706631927091,1
"459",459,"2010-01-08 00:17:37",19,1,4,0.894514493114099,0.0921368547418968,0.015906362545018,3332,0,19,1,0.223628623278525,19,1,0.894514493114099,1
"460",460,"2012-04-13 05:55:50",9,1,1,0,0.14018691588785,0.0560747663551402,214,1,9,1,0,9,1,0,0
"461",461,"2011-06-29 23:41:30",8,1,1,0,0.015625,0.0104166666666667,384,0,8,1,0,8,1,0,0
"462",462,"2005-12-19 09:07:34",1,1,1,0,0.0681818181818182,0.00454545454545455,220,0,1,1,0,1,1,0,0
"463",463,"2013-01-27 21:44:55",13,2,3,1.38825903573559,0.0306834030683403,0.00418410041841004,717,0,13,2,0.462753011911862,13,2,1.38825903573559,0
"464",464,"2008-11-07 16:38:51",16,1,3,1.2987949406954,0.0111653872993719,0.0111653872993719,1433,1,16,1,0.432931646898466,16,1,1.2987949406954,0
"465",465,"2013-05-29 22:06:48",8,1,1,0,0.00165016501650165,0.00165016501650165,606,1,8,1,0,8,1,0,0
"466",466,"2007-01-28 19:39:02",26,1,29,3.74985470818574,0.065947242206235,0.0322408739674927,7506,0,26,1,0.129305334765025,26,1,3.74985470818574,1
"467",467,"2014-05-15 08:25:49",0,0,1,0,0.000621890547263682,0.000621890547263682,1608,0,0,0,0,0,0,0,0
"468",468,"2008-02-05 11:45:26",7,1,1,0,0,0.0133333333333333,150,0,7,1,0,7,1,0,0
"469",469,"2012-04-11 14:23:27",8,1,1,0,0.155555555555556,0.155555555555556,90,0,8,1,0,8,1,0,0
"470",470,"2006-03-09 01:17:42",0,0,1,0,0.00374531835205993,0.00374531835205993,267,0,0,0,0,0,0,0,0
"471",471,"2012-12-25 10:53:45",8,1,1,0,0.00892857142857143,0,112,1,8,1,0,8,1,0,0
"472",472,"2006-07-04 11:54:24",9,1,1,0,0.0201342281879195,0,149,0,9,1,0,9,1,0,0
"473",473,"2010-10-29 11:46:31",8,1,1,0,0.204244031830239,0.00530503978779841,377,0,8,1,0,8,1,0,1
"474",474,"2017-10-16 09:20:36",5,1,3,0.921928094887362,0.0222551928783383,0.00741839762611276,674,0,5,1,0.307309364962454,5,1,0.921928094887362,0
"475",475,"2008-03-10 23:11:55",1,1,1,0,0.00154559505409583,0,647,0,1,1,0,1,1,0,0
"476",476,"2014-02-07 17:14:43",4,1,10,3.09440303170348,0.0755467196819085,0.0695825049701789,1006,0,4,1,0.309440303170348,4,1,3.09440303170348,0
"477",477,"2011-05-26 21:01:47",9,1,1,0,0.004778972520908,0.004778972520908,837,1,9,1,0,9,1,0,0
"478",478,"2006-10-23 18:51:21",23,1,5,1.86995354588979,0.0703296703296703,0.0175824175824176,1365,0,23,1,0.373990709177959,23,1,1.86995354588979,1
"479",479,"2015-07-01 18:00:43",8,1,2,1,0.988095238095238,0.988095238095238,84,0,8,1,0.5,8,1,1,0
"480",480,"2015-11-10 14:45:37",8,1,1,0,0.0190409026798307,0.0197461212976023,1418,0,8,1,0,8,1,0,0
"481",481,"2009-04-15 11:01:29",8,1,1,0,0.00259515570934256,0.00432525951557093,1156,0,8,1,0,8,1,0,0
"482",482,"2008-04-18 19:30:33",4,1,1,0,0.0123456790123457,0.0123456790123457,81,0,4,1,0,4,1,0,0
"483",483,"2006-11-07 20:30:37",9,1,2,0.0794904423839341,0.565573770491803,0.270491803278689,244,0,9,1,0.039745221191967,9,1,0.0794904423839341,0
"484",484,"2011-02-24 10:13:33",8,1,3,1.58496250072116,0.0495867768595041,0.0495867768595041,363,1,8,1,0.528320833573719,8,1,1.58496250072116,0
"485",485,"2014-11-27 14:40:56",16,1,3,1.14674938922327,0.0284615384615385,0.0138461538461538,2600,0,16,1,0.382249796407758,16,1,1.14674938922327,0
"486",486,"2018-04-10 12:57:52",0,0,0,0,0,0,0,0,0,0,NA,0,0,0,0
"487",487,"2006-04-27 04:50:45",11,1,1,0,0.0327868852459016,0.0163934426229508,61,1,11,1,0,11,1,0,0
"488",488,"2013-01-25 16:50:09",0,0,1,0,0.000653167864141084,0.000653167864141084,1531,1,0,0,0,0,0,0,0
"489",489,"2006-03-21 14:12:05",7,1,1,0,0.0173913043478261,0.0063768115942029,1725,0,7,1,0,7,1,0,0
"490",490,"2010-09-10 13:20:27",9,1,1,0,0.979166666666667,0,48,0,9,1,0,9,1,0,0
"491",491,"2010-09-17 15:14:23",9,1,1,0,0.0769230769230769,0.0512820512820513,39,0,9,1,0,9,1,0,0
"492",492,"2007-02-19 06:56:59",10,1,1,0,0.0173010380622837,0.0242214532871972,289,1,10,1,0,10,1,0,1
"493",493,"2009-09-07 08:48:57",8,1,1,0,0.00373134328358209,0.00373134328358209,268,0,8,1,0,8,1,0,0
"494",494,"2008-12-05 06:44:41",7,1,1,0,0.0432692307692308,0.0144230769230769,208,0,7,1,0,7,1,0,0
"495",495,"2008-08-14 09:32:25",14,1,2,0.91829583405449,0.00482625482625483,0.000965250965250965,2072,1,14,1,0.459147917027245,14,1,0.91829583405449,0
"496",496,"2017-02-24 06:36:57",8,1,1,0,0.0128205128205128,0.0128205128205128,78,1,8,1,0,8,1,0,0
"497",497,"2014-10-09 22:16:45",10,1,1,0,0.00702576112412178,0,427,0,10,1,0,10,1,0,0
"498",498,"2015-07-16 12:46:24",19,1,4,1.41512724483331,0.0375541646605681,0.0173326913818007,2077,0,19,1,0.353781811208328,19,1,1.41512724483331,0
"499",499,"2011-10-27 13:19:49",3,3,4,1.92192809488736,0.00174596246180707,0.000436490615451768,2291,0,3,3,0.480482023721841,3,3,1.92192809488736,0